vorname,anzahl,geschlecht
Maximilian,166,m
Felix,124,m
Anna,109,w
David,109,m
Sophia,108,w
Emilia,103,w
Moritz,103,m
Jakob,99,m
Paul,99,m
Emma,93,w
Julian,89,m
Alexander,82,m
Vincent,81,m
Sophie,80,w
Marie,78,w
Johanna,77,w
Leon,77,m
Lukas,76,m
Noah,75,m
Anton,71,m
Emil,71,m
Mia,71,w
Helena,67,w
Luisa,66,w
Laura,65,w
Lena,65,w
Ella,64,w
Benjamin,63,m
Amelie,62,w
Luis,62,m
Clara,61,w
Lara,60,w
Valentin,59,m
Jonas,58,m
Leo,57,m
Daniel,56,m
Julia,55,w
Lina,53,w
Luca,53,m
Philipp,53,m
Elias,52,m
Jonathan,52,m
Theresa,52,w
Paula,51,w
Tim,51,m
Antonia,50,w
Emily,50,w
Niklas,50,m
Elisa,49,w
Lea,49,w
Samuel,49,m
Marlene,48,w
Simon,48,m
Charlotte,47,w
Leopold,47,m
Magdalena,47,w
Hannah,46,w
Louis,46,m
Greta,45,w
Ben,44,m
Leonie,43,w
Matilda,43,w
Mila,43,w
Hanna,42,w
Leonard,42,m
Oskar,42,m
Valentina,42,w
Benedikt,41,m
Ludwig,41,m
Sebastian,41,m
Fabian,40,m
Ferdinand,40,m
Maja,40,w
Sarah,40,w
Florian,39,m
Julius,39,m
Sara,37,w
Max,36,m
Franziska,35,w
Maria,35,w
Josephine,34,w
Adrian,33,m
Gabriel,33,m
Mathilda,33,w
Raphael,33,m
Isabella,32,w
Konstantin,32,m
Lucas,32,m
Elena,31,w
Lisa,31,w
Sofia,31,w
Victoria,31,w
Henri,30,m
Johann,30,m
Katharina,30,w
Klara,30,w
Lilly,30,w
Annika,29,w
Elisabeth,29,w
Jan,29,m
Finn,28,m
Linus,27,m
Nicolas,27,m
Rafael,27,m
Theo,27,m
Tobias,27,m
Xaver,27,m
Alina,26,w
Lorenz,26,m
Ida,25,w
Levi,25,m
Oscar,25,m
Carla,24,w
Leni,24,w
Carlotta,23,w
Johannes,23,m
Korbinian,23,m
Lucia,23,w
Maya,23,w
Michael,23,m
Nico,23,m
Nora,23,w
Quirin,23,m
Christian,22,m
Isabel,22,w
Kilian,22,m
Bastian,21,m
Frida,21,w
Jasmin,21,w
Linda,21,w
Mina,21,w
Nils,21,m
Paulina,21,w
Ali,20,m
Alma,20,w
Leonhard,20,m
Liam,20,m
Luise,20,w
Rosalie,20,w
Theodor,20,m
Fiona,19,w
Nele,19,w
Viktoria,19,w
Adam,18,m
Arthur,18,m
Constantin,18,m
Dominik,18,m
Erik,18,m
Karl,18,m
Luka,18,m
Mateo,18,m
Pauline,18,w
Aaron,17,m
Jana,17,w
Louisa,17,w
Miriam,17,w
Mustafa,17,m
Oliver,17,m
Olivia,17,w
Stella,17,w
Timo,17,m
Tom,17,m
Zoe,17,w
Elif,16,w
Emilie,16,w
Emir,16,m
Eva,16,w
Helene,16,w
Josefine,16,w
Leonardo,16,m
Nina,16,w
Romy,16,w
Jonah,15,m
Julie,15,w
Lia,15,w
Lotta,15,w
Melina,15,w
Pia,15,w
Alexandra,14,w
Frieda,14,w
Isabelle,14,w
Levin,14,m
Manuel,14,m
Mats,14,m
Matteo,14,m
Nisa,14,w
Patrick,14,m
Philippa,14,w
Severin,14,m
Vanessa,14,w
Yusuf,14,m
Anastasia,13,w
Antonio,13,m
Diego,13,m
Flora,13,w
Franz,13,m
Frederik,13,m
Georg,13,m
Gustav,13,m
Henry,13,m
Jacob,13,m
Jason,13,m
Larissa,13,w
Marla,13,w
Martha,13,w
Martin,13,m
Medina,13,w
Melisa,13,w
Milena,13,w
Mira,13,w
Natalie,13,w
Rosa,13,w
Toni,13,m
Viktor,13,m
Aurelia,12,w
Ava,12,w
Deniz,12,m
Ela,12,w
Emilio,12,m
Hannes,12,m
Lennart,12,m
Lorena,12,w
Malik,12,m
Milan,12,m
Veronika,12,w
Aylin,11,w
Carl,11,m
Cecilia,11,w
Elina,11,w
Hana,11,w
Joel,11,m
Josef,11,m
Justus,11,m
Karla,11,w
Lars,11,m
Luna,11,w
Mara,11,w
Marcel,11,m
Melissa,11,w
Meryem,11,w
Mika,11,m
Nick,11,m
Noel,11,m
Otto,11,m
Rebecca,11,w
Ronja,11,w
Sami,11,m
Tristan,11,m
Valerie,11,w
Alexandros,10,m
Alisa,10,w
Ana,10,w
Bruno,10,m
Chiara,10,w
Christina,10,w
Damian,10,m
Elin,10,w
Elise,10,w
Eren,10,m
Felicitas,10,w
Fritz,10,m
Joshua,10,m
Leyla,10,w
Livia,10,w
Lotte,10,w
Marc,10,m
Marko,10,m
Marlon,10,m
Maxim,10,m
Milla,10,w
Noemi,10,w
Philip,10,m
Richard,10,m
Robert,10,m
Robin,10,m
Selin,10,w
Yasin,10,m
Alea,9,w
Alicia,9,w
Amin,9,m
Amira,9,w
Annabelle,9,w
Benno,9,m
Christoph,9,m
Clemens,9,m
Colin,9,m
Eleni,9,w
Elsa,9,w
Emelie,9,w
Enes,9,m
Fabio,9,m
Florentine,9,w
Giulia,9,w
Ismail,9,m
Leander,9,m
Leandra,9,w
Lilli,9,w
Liv,9,w
Marco,9,m
Mark,9,m
Markus,9,m
Marta,9,w
Mert,9,m
Michelle,9,w
Mikail,9,m
Ole,9,m
Selma,9,w
Victor,9,m
Zara,9,w
Alessia,8,w
Alex,8,m
Alice,8,w
Alissa,8,w
Amar,8,m
Amir,8,m
Andreas,8,m
Angelina,8,w
Anika,8,w
Bilal,8,m
Carlos,8,m
Cosima,8,w
Filip,8,m
Hugo,8,m
Ilias,8,m
Kristina,8,w
Lana,8,w
Lejla,8,w
Lennard,8,m
Lionel,8,m
Mariam,8,w
Mohamed,8,m
Mona,8,w
Natalia,8,w
Nathan,8,m
Nicole,8,w
Nika,8,w
Nikola,8,m
Nikolas,8,m
Peter,8,m
Sina,8,w
Smilla,8,w
Sonja,8,w
Stefan,8,m
Tara,8,w
Teresa,8,w
Tuana,8,w
Vivien,8,w
Yara,8,w
Zeynep,8,w
Abdullah,7,m
Ada,7,w
Ahmed,7,m
Alba,7,w
Alessandro,7,m
Anouk,7,w
Arian,7,m
August,7,m
Berat,7,m
Carlo,7,m
Carolina,7,w
Christopher,7,m
Denis,7,m
Elia,7,m
Filippa,7,w
Finja,7,w
Ivan,7,m
Jasper,7,m
Kaan,7,m
Karim,7,m
Kira,7,w
Konrad,7,m
Liliana,7,w
Lion,7,m
Lola,7,w
Madita,7,w
Marlena,7,w
Mathis,7,m
Matthias,7,m
Mattis,7,m
Mehmet,7,m
Milo,7,m
Mohammad,7,m
Niclas,7,m
Niko,7,m
Nikolaos,7,m
Omar,7,m
Talia,7,w
Valentino,7,m
William,7,m
Youssef,7,m
Agnes,6,w
Alan,6,m
Alexa,6,w
Amalia,6,w
Amanda,6,w
Amelia,6,w
Amina,6,w
Anisa,6,w
Anja,6,w
Anne,6,w
Anni,6,w
Ariana,6,w
Ariane,6,w
Diana,6,w
Emely,6,w
Emilian,6,m
Emirhan,6,m
Eymen,6,m
Franka,6,w
Georgios,6,m
Helen,6,w
Ibrahim,6,m
Ines,6,w
Jule,6,w
Kian,6,m
Laurenz,6,m
Laurin,6,m
Leah,6,w
Ledion,6,m
Lennox,6,m
Leona,6,w
Lily,6,w
Luana,6,w
Lucie,6,w
Magnus,6,m
Malina,6,w
Malte,6,m
Mariella,6,w
Marina,6,w
Maryam,6,w
Mathilde,6,w
Nikita,6,m
Ömer,6,m
Roman,6,m
Santiago,6,m
Sofija,6,w
Tamara,6,w
Thomas,6,m
Younes,6,m
Adem,5,m
Alva,5,w
Annabell,5,w
Armin,5,m
Batuhan,5,m
Cataleya,5,w
Celina,5,w
Cleo,5,w
Cornelius,5,m
Dalia,5,w
Dario,5,m
Diar,5,m
Dila,5,w
Dilara,5,w
Eda,5,w
Elly,5,w
Emanuel,5,m
Eric,5,m
Esma,5,w
Felicia,5,w
Filipa,5,w
Frederic,5,m
Friederike,5,w
Friedrich,5,m
Heidi,5,w
Helin,5,w
Henrik,5,m
Jack,5,m
James,5,m
Jannes,5,m
Jannik,5,m
Jannis,5,m
Jayden,5,m
Jeremy,5,m
John,5,m
Joseph,5,m
Juliana,5,w
Kaspar,5,m
Kerem,5,m
Kiara,5,w
Koray,5,m
Leonora,5,w
Letizia,5,w
Levent,5,m
Lian,5,m
Lilia,5,w
Lilian,5,w
Lovis,5,m
Lucy,5,w
Luke,5,m
Marisa,5,w
Merle,5,w
Mohammed,5,m
Muhammad,5,m
Muhammed,5,m
Nathaniel,5,m
Neo,5,m
Raffael,5,m
Sam,5,m
Samira,5,w
Sarina,5,w
Selim,5,m
Selina,5,w
Tabea,5,w
Tasnim,5,w
Tiago,5,m
Timon,5,m
Verena,5,w
Vinzenz,5,m
Vitus,5,m
Yasmin,5,w
Zoey,5,w
Aaliyah,4,w
Adriana,4,w
Adriano,4,m
Aiden,4,m
Aleksandra,4,w
Alessio,4,m
Alexia,4,w
Aleyna,4,w
Anastasija,4,w
Andrej,4,m
Angelo,4,m
Annie,4,w
Arda,4,m
Arianna,4,w
Augustin,4,m
Aurel,4,m
Ayla,4,w
Bahar,4,w
Bela,4,m
Bianca,4,w
Can,4,m
Carolin,4,w
Caroline,4,w
Caspar,4,m
Cem,4,m
Cinar,4,m
Coco,4,w
Cristiano,4,m
Daniela,4,w
Daris,4,m
Defne,4,w
Ecrin,4,w
Ege,4,m
Eleonora,4,w
Eliah,4,m
Elijah,4,m
Elliot,4,m
Eloise,4,w
Ema,4,w
Emin,4,m
Endrit,4,m
Enya,4,w
Estelle,4,w
Francesco,4,m
Gabriela,4,w
Hussein,4,m
Ilayda,4,w
Ilyas,4,m
Ina,4,w
Iris,4,w
Isabell,4,w
Isra,4,w
Ivana,4,w
Ivy,4,w
Jona,4,m
Josefina,4,w
Judith,4,w
Juli,4,w
Julien,4,m
Julina,4,w
Juna,4,w
Karolina,4,w
Katja,4,w
Kenan,4,m
Kerim,4,m
Kimberly,4,w
Konstantina,4,w
Laeticia,4,w
Laetitia,4,w
Laila,4,w
Laurence,4,m
Leana,4,w
Lenny,4,m
Leoni,4,w
Liah,4,w
Liana,4,w
Lias,4,m
Lilou,4,w
Liya,4,w
Loris,4,m
Louise,4,w
Malin,4,w
Matej,4,m
Maxima,4,w
Mayla,4,w
Miguel,4,m
Miray,4,w
Musab,4,m
Nathalie,4,w
Nefeli,4,w
Nelly,4,w
Neven,4,m
Nicholas,4,m
Nikolai,4,m
Nikolina,4,w
Noa,4,m
Noa,4,w
Ophelia,4,w
Pablo,4,m
Pascal,4,m
Patricia,4,w
Rami,4,m
Raphaela,4,w
Ricardo,4,m
Ruben,4,m
Said,4,m
Santino,4,m
Simay,4,w
Sinan,4,m
Stefanos,4,m
Taha,4,m
Tamina,4,w
Tarik,4,m
Tea,4,w
Tessa,4,w
Thea,4,w
Umut,4,m
Vera,4,w
Viola,4,w
Yannick,4,m
Yunus,4,m
Zahra,4,w
Zümra,4,w
Abdurrahman,3,m
Abigail,3,w
Adele,3,w
Adrien,3,m
Ahmet,3,m
Aida,3,w
Aileen,3,w
Alara,3,w
Alban,3,m
Alejandro,3,m
Aleksandar,3,m
Aliyah,3,w
Amra,3,w
Andrea,3,w
Angela,3,w
Anna-Lena,3,w
Anna-Maria,3,w
Annabel,3,w
Annalena,3,w
Annelie,3,w
Annemarie,3,w
Ari,3,m
Arina,3,w
Arman,3,m
Armando,3,m
Asya,3,w
Athanasios,3,m
Ayda,3,w
Ayse,3,w
Balthasar,3,m
Baris,3,m
Belinay,3,w
Benedict,3,m
Berkay,3,m
Camilla,3,w
Casper,3,m
Charlize,3,w
Charlotta,3,w
Christos,3,m
Dani,3,m
Dania,3,w
Danilo,3,m
Darian,3,m
Dawid,3,m
Dimitrios,3,m
Din,3,m
Dino,3,m
Dion,3,m
Domenico,3,m
Domenik,3,m
Dominic,3,m
Dunja,3,w
Eduard,3,m
Efe,3,m
Eliana,3,w
Elizabeth,3,w
Ellen,3,w
Elvis,3,m
Emina,3,w
Emmy,3,w
Emre,3,m
Enno,3,m
Eray,3,m
Erdem,3,m
Erika,3,w
Ermin,3,m
Erva,3,w
Fatima,3,w
Fatma,3,w
Felina,3,w
Florence,3,w
Frederick,3,m
Freya,3,w
Gia,3,m
Gloria,3,w
Grace,3,w
Gregor,3,m
Ha,3,w
Hamza,3,m
Hassan,3,m
Henriette,3,w
Hiba,3,w
Hira,3,w
Holly,3,w
Iman,3,w
Iva,3,w
Jakub,3,m
Janis,3,m
Janne,3,w
Jasmina,3,w
Javier,3,m
Jean,3,m
Jim,3,m
Johan,3,m
Joleen,3,w
Jon,3,m
Jonna,3,w
Joris,3,m
Josephina,3,w
Jules,3,m
Junis,3,m
Kai,3,m
Kaja,3,w
Karina,3,w
Kevin,3,m
Kim,3,w
Klaudia,3,w
Lamar,3,w
Lasse,3,m
Lauri,3,m
Lavand,3,m
Lenia,3,w
Leonas,3,m
Leonidas,3,m
Leonis,3,m
Lewin,3,m
Linnea,3,w
Lino,3,m
Lioba,3,w
Lisbeth,3,w
Lorenzo,3,m
Lovisa,3,w
Luan,3,m
Luk,3,m
Luzia,3,w
Mads,3,m
Mahir,3,m
Maia,3,w
Maksim,3,m
Malak,3,w
Malea,3,w
Malou,3,w
Maren,3,w
Marie-Sophie,3,w
Mario,3,m
Marius,3,m
Mateusz,3,m
Matheo,3,m
Mathias,3,m
Matti,3,m
Maurice,3,m
Medin,3,m
Melek,3,w
Melvin,3,m
Merlin,3,m
Merve,3,w
Mick,3,m
Mika,3,w
Mike,3,m
Mirac,3,m
Miran,3,m
Miro,3,m
Miya,3,w
Nala,3,w
Nayla,3,w
Nazli,3,w
Nea,3,w
Nela,3,w
Nelia,3,w
Nelson,3,m
Nepomuk,3,m
Ngoc,3,w
Nicola,3,w
Nikolaus,3,m
Nino,3,m
Olaf,3,m
Panagiotis,3,m
Paolo,3,m
Pedro,3,m
Penelope,3,w
Petar,3,m
Piet,3,m
Prince,3,m
Rabia,3,w
Rasmus,3,m
Raul,3,m
Ray,3,m
Rayan,3,m
Rebekka,3,w
Ria,3,w
Riccardo,3,m
Rose,3,w
Ruby,3,w
Rüya,3,w
Sahar,3,w
Salih,3,m
Salim,3,m
Samir,3,m
Samson,3,m
Sascha,3,m
Saya,3,w
Sean,3,m
Semih,3,m
Sena,3,w
Shirin,3,w
Sienna,3,w
Sinem,3,w
Sofie,3,w
Soraya,3,w
Stefano,3,m
Tenzin,3,m
Teodor,3,m
Teodora,3,w
Teoman,3,m
Tilda,3,w
Tilo,3,m
Titus,3,m
Tyler,3,m
Umar,3,m
Vladimir,3,m
Willy,3,m
Xenia,3,w
Yahya,3,m
Yuna,3,w
Zehra,3,w
Zita,3,w
Abdul,2,m
Acelya,2,w
Adela,2,w
Adin,2,m
Aditya,2,m
Adrijana,2,w
Agnesa,2,w
Ajdin,2,m
Albert,2,m
Alem,2,m
Alena,2,w
Alent,2,m
Alexis,2,m
Alexis,2,w
Alisia,2,w
Allegra,2,w
Alyssa,2,w
Amadea,2,w
Aman,2,m
Amila,2,w
Amilia,2,w
Ana-Maria,2,w
Andre,2,m
Anduena,2,w
Anesa,2,w
Angel,2,w
Anian,2,m
Annabella,2,w
Antoine,2,m
Antonios,2,m
Antonius,2,m
Anuuk,2,w
Ariadne,2,w
Arin,2,m
Arjen,2,m
Arjeta,2,w
Arnau,2,m
Arne,2,m
Artin,2,m
Artur,2,m
Arwin,2,m
Aryan,2,m
Aslan,2,m
Asmin,2,w
Audrey,2,w
Aurela,2,w
Aurelie,2,w
Aurora,2,w
Avaptisto,2,m
Avaptisto,2,w
Ayaan,2,m
Ayana,2,w
Ayat,2,w
Ayham,2,m
Ayliz,2,w
Aymen,2,m
Aymeric,2,m
Ayoub,2,m
Aziz,2,m
Azra,2,w
Bella,2,w
Berna,2,w
Blanca,2,w
Boas,2,m
Boris,2,m
Bradley,2,m
Burhan,2,m
Camillo,2,m
Canan,2,w
Cansu,2,w
Cara,2,w
Carina,2,w
Carmine,2,m
Cassandra,2,w
Catharina,2,w
Catherine,2,w
Cecile,2,w
Celine,2,w
Ceyda,2,w
Charles,2,m
Charlie,2,w
Chloe,2,w
Cihan,2,m
Cillian,2,m
Corbinian,2,m
Corinna,2,w
Cristian,2,m
Cristina,2,w
Dana,2,w
Daniil,2,m
Danin,2,m
Daphne,2,w
Daria,2,w
Darijo,2,m
Darius,2,m
Davide,2,m
Davin,2,m
Dea,2,w
Delina,2,w
Demir,2,m
Dennis,2,m
Deon,2,m
Derin,2,w
Devin,2,m
Diellon,2,m
Dilana,2,w
Diya,2,w
Djordje,2,m
Don,2,m
Dora,2,w
Dorian,2,m
Dunya,2,w
Edith,2,w
Edmond,2,m
Egemen,2,m
Elaina,2,w
Elija,2,m
Eline,2,w
Elinor,2,w
Elio,2,m
Elisabetta,2,w
Eliza,2,w
Ellena,2,w
Elli,2,w
Ellie,2,w
Elma,2,w
Elmedina,2,w
Elyas,2,m
Eman,2,m
Emeli,2,w
Emilija,2,w
Emmanuel,2,m
Enna,2,w
Ennio,2,m
Enrico,2,m
Erdi,2,m
Erion,2,m
Erisa,2,w
Esila,2,w
Ethan,2,m
Evan,2,m
Evangelia,2,w
Evelyn,2,w
Evin,2,w
Fabienne,2,w
Fadi,2,m
Fanny,2,w
Fatimata,2,w
Federico,2,m
Felia,2,w
Felipe,2,m
Felizia,2,w
Fernando,2,m
Feyza,2,w
Filippo,2,m
Florent,2,m
Florentin,2,m
Florentina,2,w
Floriane,2,w
Floris,2,m
Franca,2,w
Francesca,2,w
Frido,2,m
Furkan,2,m
Fynn,2,m
Gamze,2,w
George,2,m
Giada,2,w
Giorgia,2,w
Giorgio,2,m
Giovanni,2,m
Grete,2,w
Guillaume,2,m
Hacer,2,w
Hadya,2,w
Hafsa,2,w
Hagen,2,m
Halima,2,w
Hamid,2,m
Hanan,2,w
Hanin,2,w
Hans,2,m
Harry,2,m
Hasan,2,m
Havin,2,w
Hawin,2,w
Hena,2,w
Henny,2,w
Hilda,2,w
Hubert,2,m
Husna,2,w
Ilana,2,w
Ilian,2,m
Ipek,2,w
Irene,2,w
Irmela,2,w
Ivo,2,m
Jad,2,m
Jamain,2,m
Jamie,2,m
Jamil,2,m
Janna,2,w
Janne,2,m
Janos,2,m
Jari,2,m
Jaron,2,m
Jeanne,2,w
Jennifer,2,w
Jenny,2,w
Jeremias,2,m
Jesko,2,m
Jesper,2,m
Jesse,2,m
Jessica,2,w
Jill,2,w
Johanna,2,m
Jolie,2,w
Jolien,2,w
Jonatan,2,m
Josefin,2,w
Juan,2,m
Jula,2,w
Juliane,2,w
Juri,2,m
Kacper,2,m
Kaito,2,m
Karam,2,m
Karin,2,w
Karlotta,2,w
Kasimir,2,m
Katarina,2,w
Katelyn,2,w
Kayla,2,w
Keira,2,w
Kelvin,2,m
Kenza,2,w
Konstantinos,2,m
Kristof,2,m
Kurt,2,m
Kuzey,2,m
Kyrill,2,m
Lambert,2,m
Laure,2,w
Laurens,2,m
Laurent,2,m
Lauro,2,m
Lavinia,2,w
Layla,2,w
Lazar,2,m
Lea-Marie,2,w
Leandro,2,m
Leart,2,m
Ledeyna,2,w
Len,2,m
Lenn,2,m
Lenz,2,m
Leticia,2,w
Lieselotte,2,w
Lil,2,w
Lili,2,w
Lilith,2,w
Lillian,2,w
Linn,2,w
Lisa-Marie,2,w
Loresa,2,w
Lorian,2,m
Lorik,2,m
Lorin,2,m
Lucian,2,m
Luciana,2,w
Luciano,2,m
Luiz,2,m
Lunis,2,m
Luzie,2,w
Lysander,2,m
Maciej,2,m
Madeleine,2,w
Mael,2,m
Maira,2,w
Maksymilian,2,m
Malena,2,w
Malika,2,w
Manha,2,w
Manolis,2,m
Mansour,2,m
Marcella,2,w
Margarete,2,w
Margarita,2,w
Maria-Eleni,2,w
Marianne,2,w
Marija,2,w
Marilena,2,w
Marin,2,m
Marinela,2,w
Maris,2,m
Marissa,2,w
Marlies,2,w
Martina,2,w
Martyna,2,w
Marvin,2,m
Marwa,2,w
Maryem,2,w
Matija,2,m
Matilde,2,w
Mattia,2,m
Maxence,2,m
Maxime,2,m
Maxime,2,w
Mayar,2,w
Mayra,2,w
Medine,2,w
Melanie,2,w
Melia,2,w
Melih,2,m
Mia-Sophie,2,w
Mihail,2,m
Mihailo,2,m
Mihrimah,2,w
Milian,2,m
Milina,2,w
Milutin,2,m
Mine,2,w
Minh,2,m
Minou,2,w
Mirjam,2,w
Muhammet,2,m
Munir,2,m
Muriel,2,w
Nadia,2,w
Nahla,2,w
Najla,2,w
Naomi,2,w
Nashbir,2,m
Natali,2,w
Nathanael,2,m
Neel,2,m
Nemanja,2,m
Neva,2,w
Neyla,2,w
Nia,2,w
Nicolai,2,m
Nikoleta,2,w
Nil,2,w
Nila,2,w
Nivin,2,w
Noam,2,m
Noemie,2,w
Norah,2,w
Nour,2,w
Nova,2,w
Odette-Graciella,2,w
Omid,2,m
Onno,2,m
Orlando,2,m
Paola,2,w
Patrice,2,m
Patrizia,2,w
Patryk,2,m
Petra,2,w
Pheline,2,w
Philippe,2,m
Phillip,2,m
Philomena,2,w
Pino,2,m
Poyraz,2,m
Quentin,2,m
Quinn,2,m
Rabin,2,m
Rahel,2,w
Rahela,2,w
Ramon,2,m
Rania,2,w
Rebar,2,m
Redon,2,m
Reem,2,w
Renwar,2,m
Reyansh,2,m
Reyyan,2,w
Rina,2,w
Roland,2,m
Romaisa,2,w
Romeo,2,m
Rona,2,w
Rosemarie,2,w
Rosmarie,2,w
Rozalina,2,w
Rumeysa,2,w
Runa,2,w
Sabina,2,w
Safa,2,m
Safiya,2,w
Sam,2,w
Samantha,2,w
Samiah,2,w
Sandra,2,w
Sandro,2,m
Sanna,2,w
Saphia,2,w
Saruar,2,m
Selena,2,w
Seray,2,w
Sercan,2,m
Serdar,2,m
Serena,2,w
Sergio,2,m
Serina,2,w
Seyma,2,w
Shanaya,2,w
Siena,2,w
Sila,2,w
Silas,2,m
Sima,2,w
Simone,2,w
Sirin,2,w
Sophia-Marie,2,w
Soraja,2,w
Stefania,2,w
Stefanie,2,w
Stevan,2,m
Suela,2,w
Susan,2,w
Takeru,2,m
Talha,2,m
Tamino,2,m
Tarek,2,m
Tassilo,2,m
Taylan,2,m
Theophile,2,m
Therese,2,w
Thorben,2,m
Tijana,2,w
Till,2,m
Tizian,2,m
Toni,2,w
Una,2,w
Utku,2,m
Valeria,2,w
Vanesa,2,w
Veit,2,m
Vihaan,2,m
Viktorija,2,w
Vince,2,m
Vincenzo,2,m
Vinzent,2,m
Vlera,2,w
Wael,2,m
Willi,2,m
Wilma,2,w
Yann,2,m
Yannik,2,m
Yannis,2,m
Yasemin,2,w
Yaser,2,m
Yassine,2,m
Yigit,2,m
Yunes,2,m
Zaya,2,w
Zerya,2,w
Zuzanna,2,w
Aadhya,1,w
Aahel,1,m
Aaliya,1,w
Aaradhya,1,w
Aayati,1,w
Aayush,1,m
Abaas,1,m
Ababel,1,w
Abdellah,1,m
Abderahmane,1,m
Abdigani,1,m
Abdiwahab,1,m
Abdoul-Karim,1,m
Abdoulaye,1,m
Abdoullah,1,m
Abdourahman,1,m
Abdul-Gafur,1,m
Abdulaziz,1,m
Abdulhakim,1,m
Abdulhamid,1,m
Abdull,1,m
Abdulrahman,1,m
Abdurrahim,1,m
Abed,1,m
Abedin,1,m
Abeera,1,w
Aboudou,1,m
Abrar,1,w
Abubeker,1,m
Acun,1,m
Adam-Dzenan,1,m
Adam-Mohamed,1,m
Adama,1,w
Adanna,1,w
Adel,1,m
Adelaide,1,w
Adelheid,1,w
Adelia,1,w
Adelina,1,w
Adian,1,m
Adiba,1,w
Adilon,1,m
Adina,1,w
Adna,1,w
Adonis,1,m
Adriatik,1,m
Adrina,1,w
Adris,1,m
Advik,1,m
Aela,1,w
Aeneas,1,m
Agamjit,1,m
Agasthya,1,m
Aggelos,1,m
Agilos,1,m
Agon,1,m
Ahaan,1,m
Ahlam,1,w
Ahmad,1,m
Ahmad-Milad,1,m
Ahmad-Subhan,1,m
Ahmet-Yusuf,1,m
Aidel,1,m
Aili,1,w
Aiman,1,m
Aino,1,w
Ainoa,1,w
Aisa,1,w
Aischa,1,w
Aise,1,w
Aisha,1,w
Aishat,1,w
Aivi,1,w
Aize,1,w
Ajan,1,m
Ajla,1,w
Ajna,1,w
Akari,1,w
Akay,1,m
Akin,1,m
Akira,1,m
Akram,1,m
Akshaya,1,w
Akshika,1,w
Alain,1,m
Alaine,1,w
Alanna,1,w
Albatrit,1,m
Alberto,1,m
Albesa,1,w
Albijon,1,m
Albin,1,m
Albion,1,m
Albrecht,1,m
Alec,1,m
Aleeah,1,w
Aleeza,1,w
Alejna,1,w
Aleksa,1,m
Aleksander,1,m
Aleksej,1,m
Alen,1,m
Alend,1,m
Alesia,1,w
Alessa,1,w
Alexander-David,1,m
Alexandre,1,m
Alexandrine,1,w
Alexandro,1,m
Alexandru,1,m
Aleysa,1,w
Alfons,1,m
Alhasan,1,m
Alia,1,w
Aliaa,1,w
Aliana,1,w
Alicja,1,w
Alienor,1,w
Alioune,1,m
Alissia,1,w
Alix,1,w
Aliya,1,w
Aliye,1,w
Alizee,1,w
Alketa,1,w
Allan,1,m
Almina,1,w
Almir,1,m
Alois,1,m
Alon,1,m
Alp,1,m
Alpay,1,m
Altay,1,m
Alvansyo,1,m
Alvertos,1,m
Alvin,1,m
Alvyn,1,m
Alyandra,1,w
Alyna,1,w
Alyosha,1,m
Alysha,1,w
Amadeus,1,m
Amalia-Aleksandra,1,w
Amand,1,m
Amanuel,1,m
Amar,1,w
Amarachi,1,w
Amato,1,m
Amatullah,1,w
Amber,1,w
Ameena,1,w
Ameer,1,m
Amel,1,m
Amel,1,w
Amela,1,w
Amelie,1,m
Amelie-Fabienne,1,w
Amelie-Madeleine,1,w
Amelina,1,w
Amelly,1,w
Amer,1,m
Ameya,1,w
Aminah,1,w
Ammar,1,m
Amna,1,w
Amogh,1,m
Amos,1,m
Amran,1,w
Amrei,1,w
Amro,1,m
Amy,1,w
An,1,w
Anabella,1,w
Anabelle,1,w
Anahi,1,w
Anais,1,w
Anamaria,1,w
Anand,1,m
Ananya,1,w
Anas,1,m
Anastacia,1,w
Anastassia,1,w
Anastazija,1,w
Anatol,1,m
Anca,1,w
Ance,1,w
Ancelo,1,m
Andia,1,w
Andon,1,m
Andra,1,w
Andreas-Christian,1,m
Andrei,1,m
Andreos,1,m
Andrew,1,m
Andria,1,m
Andrija,1,m
Andrin,1,m
Anea,1,w
Anela,1,w
Anelia,1,w
Angel,1,m
Angelic,1,w
Angelika,1,w
Angeliki,1,w
Angelos,1,m
Anglika,1,w
Anh,1,m
Anhar,1,w
Anhiluun,1,w
Ani,1,w
Ania,1,w
Anida,1,w
Anik,1,m
Anik,1,w
Anike,1,w
Anil,1,m
Anina,1,w
Anirudh,1,m
Anis,1,w
Anita,1,w
Anjel,1,m
Anjela,1,w
Anjeli,1,w
Ann-Sophie,1,w
Anna-Lara,1,w
Anna-Laura,1,w
Anna-Lina,1,w
Anna-Louisa,1,w
Anna-Luise,1,w
Anna-Malou,1,w
Anna-Sofia,1,w
Annais-Maria,1,w
Annalaura,1,w
Annalotta,1,w
Annamaria,1,w
Annanya,1,w
Anneka,1,w
Anneke,1,w
Annelene,1,w
Annelise,1,w
Annik,1,w
Annmarie,1,w
Ante,1,m
Anthoney,1,m
Anthony,1,m
Anto,1,m
Antoine,1,w
Antong,1,m
Antonin,1,m
Antonio-Joel,1,m
Antony,1,m
Anu,1,w
Anujan,1,m
Anush,1,m
Anvi,1,w
Anvitha,1,w
Apollonia,1,w
Apostolia,1,w
Apsara,1,w
Ar,1,m
Aram,1,m
Aran,1,m
Aras-Deniz,1,m
Arbresha,1,w
Archishman,1,m
Arden,1,m
Ardian,1,m
Ardren,1,m
Areeba,1,w
Arham-Ahmed,1,m
Ariel,1,m
Arijan,1,m
Aristotelis,1,m
Arjan,1,m
Arjeh,1,m
Arjon,1,m
Armangul,1,m
Armani,1,w
Armanj,1,m
Armgard,1,w
Armir,1,m
Arnisa,1,w
Arno,1,m
Aron,1,m
Arsam,1,m
Arsenije,1,m
Artemy,1,m
Arti,1,m
Artina,1,w
Arton,1,m
Arun,1,m
Arunika,1,w
Arved,1,m
Arvin,1,m
Arwa,1,w
Arya,1,m
Aryem,1,w
Asaf,1,m
Asaph,1,m
Asara,1,w
Aschmat,1,m
Asel,1,w
Asenat,1,w
Ashab,1,m
Ashanti-Marija,1,w
Ashley-Sue,1,w
Asiatou,1,w
Asil,1,m
Asim,1,m
Asimena,1,w
Asli,1,w
Asma,1,w
Asmen,1,m
Asmon,1,m
Asterios,1,m
Asude,1,w
Asya-Sahara,1,w
Ata,1,m
Atahan,1,m
Atakan,1,m
Atanas,1,m
Athanasia,1,w
Atilla,1,m
Atiye,1,w
Attila,1,m
Aulon,1,m
Aulona,1,w
Aura,1,w
Aurel-Elias,1,m
Aurelian,1,m
Aurelien,1,w
Aurelius,1,m
Auron,1,m
Ava-Lotta,1,w
Avash,1,m
Avelina,1,w
Avelino,1,m
Avesta,1,w
Avidan,1,m
Aviel,1,m
Aviv,1,w
Avyas,1,m
Axel,1,m
Ayame,1,w
Ayanda,1,m
Ayaz,1,m
Aybüke,1,w
Aycan,1,m
Aycan,1,w
Aycin,1,w
Ayele,1,w
Ayendys,1,m
Aylin,1,m
Aylina,1,w
Ayoan,1,m
Ayub,1,m
Ayumi,1,w
Azaarah,1,w
Azan,1,m
Azize,1,w
Badal,1,m
Bahij,1,m
Bailassane,1,w
Bakican,1,m
Bako,1,m
Balian,1,m
Balqis,1,w
Balthazar,1,m
Banu,1,w
Banyon,1,m
Bao,1,m
Baran,1,m
Barbara,1,w
Barnabas,1,m
Bartolomeo,1,m
Barzan,1,m
Baskal,1,w
Batu,1,m
Batuhan,1,w
Batukaan,1,m
Batur,1,m
Bayan,1,w
Beatrice,1,w
Beatrix,1,w
Beatriz,1,w
Bedirhan,1,m
Begüm,1,w
Behar,1,m
Beheschta,1,w
Behtar,1,w
Belesan,1,w
Belina,1,w
Belinda,1,w
Bella-Selina,1,w
Belma,1,w
Belmin,1,m
Benan,1,m
Beneditk,1,m
Benet,1,m
Benicio,1,m
Benita,1,w
Bennet,1,m
Bennett,1,m
Bera,1,m
Beren,1,w
Berenice,1,w
Berenika,1,w
Berensu,1,w
Berhat,1,m
Beril,1,w
Berin,1,m
Beriz,1,m
Berk,1,m
Berkan,1,m
Berkan-Nur,1,m
Berke,1,m
Berkin,1,m
Berra,1,w
Berrak,1,w
Berre,1,w
Bertan,1,m
Bertha,1,w
Berton,1,m
Besan,1,m
Bettina,1,w
Beyazit,1,m
Bhagat,1,m
Bhargava,1,m
Bianka,1,w
Bibi,1,w
Bilal-Eren,1,m
Billaal,1,m
Billie,1,w
Birkan,1,m
Birsennur,1,w
Bissan,1,w
Bjane,1,m
Bjarne,1,m
Blake,1,m
Bledion,1,m
Blend,1,m
Bleona,1,w
Blera,1,w
Blerta,1,w
Blerti,1,m
Blina,1,w
Bogdana,1,w
Bogoljub,1,m
Bohan,1,m
Bojan,1,m
Bonifaz,1,m
Bora,1,w
Boran,1,m
Bori,1,m
Bosse,1,m
Brandon,1,m
Brayan,1,m
Breshna,1,w
Britta,1,w
Bryan,1,m
Brydin,1,m
Burak,1,m
Buse,1,w
Cäcilia,1,w
Cäcilie,1,w
Caecilia,1,w
Cafer,1,m
Caija,1,w
Caio,1,m
Calin-Gabriel,1,m
Calvin,1,m
Camden,1,m
Camille,1,m
Camille,1,w
Cansin,1,m
Carl-Luis,1,m
Carla-Ioana,1,w
Carla-Paulin,1,w
Carlie,1,w
Carline,1,w
Carlsson,1,m
Carys,1,w
Casey,1,w
Cassia,1,w
Cassian,1,m
Catalina,1,w
Catherin,1,w
Catherina,1,w
Catleya,1,w
Cayetano,1,m
Cedrik,1,m
Celeste,1,w
Celestino,1,m
Cemal,1,m
Cemre,1,w
Cengizhan,1,m
Cenk,1,m
Cenk-Emin,1,m
Ceyda-Nur,1,w
Ceyla,1,w
Ceylin,1,w
Chaima,1,w
Chana,1,w
Chandani-Eleni,1,w
Chanel,1,w
Channel,1,w
Charalampos,1,m
Charlene,1,w
Charls,1,m
Charly,1,m
Chayenne,1,w
Chengkai,1,m
Chenkai,1,m
Chiamanka,1,w
Chimdimma,1,w
Ching-Wun,1,w
Chirag,1,m
Christan,1,m
Christiane,1,w
Ciara,1,w
Cihangir,1,m
Cinzia,1,w
Ciya,1,m
Claire,1,w
Claudius,1,m
Clementine,1,w
Cloe,1,w
Conner,1,m
Connor,1,m
Conrad,1,m
Constanze,1,w
Cora,1,w
Coralie,1,w
Corentin,1,m
Cosimo,1,m
Cosmo,1,m
Curt,1,m
Cyara,1,w
Cyrus,1,m
D'Leh,1,m
Daan,1,m
Dalila,1,w
Dalina,1,w
Dalyan,1,m
Damir,1,m
Damira,1,w
Damjan,1,m
Dan,1,m
Danae,1,w
Danah,1,w
Danai,1,w
Dane,1,m
Daniele,1,m
Danijel,1,m
Danila,1,w
Danis,1,m
Danniell,1,m
Danny,1,m
Dante,1,m
Danye,1,w
Danylo,1,m
Daouda,1,m
Dardan,1,m
Darijan,1,m
Darika,1,w
Darin,1,m
Darin,1,w
Darina,1,w
Dariush,1,m
Darja,1,w
Darko,1,m
Darlene,1,w
Darnell,1,m
Darwin,1,m
Daryo,1,m
Dashin,1,m
Dastan,1,m
Daud,1,m
David-Mikel,1,m
Davina,1,w
Davit,1,m
Dayana,1,w
Dean,1,m
Deborah,1,w
Deeshna,1,w
Dejan,1,m
Deki,1,m
Delcan,1,m
Delilah,1,w
Delin,1,w
Delphina,1,w
Delroy,1,m
Delshad,1,m
Delwian,1,m
Demetra,1,w
Demian,1,m
Deni,1,m
Denis-Narcis,1,m
Denise,1,w
Deniz,1,w
Denni,1,m
Denny,1,m
Dervishan,1,m
Derya,1,w
Desmond,1,m
Destinygrace,1,w
Devan,1,m
Devine,1,w
Devran,1,m
Dewin,1,m
Deyan,1,m
Deyven,1,m
Deyyan,1,m
Dhiya,1,w
Diamond,1,w
Dian,1,m
Diara,1,w
Diart,1,m
Diaz,1,m
Dida,1,w
Dijona,1,w
Dilan,1,w
Dilay,1,w
Dildar,1,m
Dilia,1,w
Diljaan,1,m
Dilyra,1,w
Dimah,1,w
Diman,1,w
Dimitra,1,w
Dina,1,w
Dionis,1,m
Diuan,1,m
Diva,1,w
Divine,1,w
Diwan,1,m
Diyan,1,m
Diyar,1,m
Djabrail,1,m
Djellora,1,w
Dlhat,1,m
Dlin,1,w
Dlora,1,w
Dolores,1,w
Donat,1,m
Dondivin,1,m
Donila,1,w
Donjeta,1,w
Doreen,1,w
Dorian,1,w
Dorina,1,w
Doris,1,w
Dorona,1,w
Dorotea,1,w
Dorothea,1,w
Doruk,1,m
Dowan,1,m
Dragan,1,m
Drenusha,1,w
Drini,1,m
Duha,1,w
Durak,1,m
Duy,1,m
Dylan,1,m
Dzenan,1,m
Eadie,1,w
Ece,1,w
Ecenur,1,w
Ecra,1,w
Edda,1,w
Eddin,1,m
Eden,1,m
Edgar,1,m
Edim,1,m
Edin,1,m
Edion,1,m
Edita,1,w
Edon,1,m
Edouardos,1,m
Eduardo,1,m
Edvin,1,m
Edward,1,m
Edwin,1,m
Efeberk,1,m
Efekan,1,m
Eflal,1,w
Eflin,1,w
Efthimia,1,w
Egmont,1,m
Egzon,1,m
Eiaad,1,m
Eileen,1,w
Einav,1,w
Eitan,1,m
Ejona,1,w
Ekaterina,1,w
Eklass,1,w
Ela-Devin,1,w
Ela-Nur,1,w
Elaia,1,w
Elanaz,1,w
Eldian,1,m
Eldin,1,m
Eldina,1,w
Eldion,1,m
Elea,1,w
Eleanor,1,w
Eleazar-Daniel,1,m
Eleftheria,1,w
Elena-Sophie,1,w
Elenora,1,w
Elhama,1,w
Elia-Isaak,1,m
Eliano,1,m
Elicia,1,w
Elida,1,w
Elijana,1,w
Eliot,1,m
Elis,1,w
Elisa-Marie,1,w
Elisabeta,1,w
Elisabeth-Veronika,1,w
Elisaveta,1,w
Eliso,1,w
Elizan,1,w
Eljesa,1,w
Ellaha,1,w
Ellin,1,w
Ellis,1,m
Elliz,1,w
Elmira,1,w
Elodia,1,w
Elodie,1,w
Elona,1,w
Elpida,1,w
Elson,1,m
Elton,1,m
Eluisa,1,w
Eluna,1,w
Elva,1,w
Elvanur,1,w
Elvin,1,m
Elvina,1,w
Elvisa,1,w
Elyab,1,m
Elyesa,1,m
Elyzabet,1,w
Elzem,1,w
Emanuela,1,w
Emelie-Sophie,1,w
Emeni,1,w
Emile,1,m
Emilean,1,m
Emili,1,w
Emilia-Aurora,1,w
Emilian-Ethan,1,m
Emiliano,1,m
Emiljan,1,m
Emine,1,w
Emma-Li,1,w
Emma-Maria,1,w
Emma-Nicole,1,w
Emma-Sophie,1,w
Emmelie-Sofie,1,w
Emmi,1,w
Emmily,1,w
Emmir,1,m
Emmitt,1,m
Emmy-Belle,1,w
Enbiya,1,m
Endi,1,m
Enesa,1,w
Engertha,1,w
Engjell,1,m
Enian,1,m
Enis,1,m
Enise,1,w
Eniz,1,m
Enja,1,w
Eno,1,w
Enoobong,1,w
Ensar,1,m
Ephraim-Baptiste,1,m
Erdinc,1,m
Erdonita,1,w
Erfan,1,m
Erhan,1,m
Erin,1,m
Erina,1,w
Erjon,1,m
Erna,1,w
Ernesto,1,m
Erona,1,w
Ervagül,1,w
Erwin,1,m
Eryk,1,m
Erza,1,w
Erzana,1,w
Eslem,1,w
Esmer,1,m
Esmera,1,w
Estella,1,w
Esther,1,w
Eszter,1,w
Ethemcan,1,m
Etienne,1,m
Euan,1,m
Eva-Lotta,1,w
Eva-Marie,1,w
Evaggelos,1,m
Eve,1,w
Eveline,1,w
Even,1,m
Evi,1,w
Evren,1,m
Ewa,1,w
Ewlin,1,w
Eya,1,w
Eyal,1,m
Eyck-Lennard,1,m
Eysan,1,w
Ezekiel-Joel,1,m
Ezel,1,m
Ezella,1,w
Ezgi,1,w
Faith,1,m
Faiza,1,w
Falaq,1,w
Fanial,1,m
Fanni,1,w
Faramarz,1,m
Farhan,1,m
Farheen,1,w
Faris,1,m
Farkhunda,1,w
Farouk,1,m
Faryad,1,m
Fatdon,1,m
Fatema,1,w
Fatih,1,m
Fatimatüz,1,w
Fatoumata,1,w
Fawaz,1,m
Fayek,1,m
Fayrouz,1,w
Fedy,1,m
Fee,1,w
Fei,1,m
Felicie,1,w
Felicita,1,w
Felicity,1,w
Feline,1,w
Felisitas,1,w
Femistoklis,1,m
Fenja,1,w
Fenna,1,w
Ferdinad,1,m
Fernanda,1,w
Fero,1,m
Ferry,1,m
Fidan,1,m
Fil,1,m
Filippos-Konstantinos,1,m
Fillis,1,w
Filomena,1,w
Finia,1,w
Finian,1,m
Finjas,1,m
Finlay,1,m
Finley,1,m
Finn-Luca,1,m
Finnian,1,m
Finrod,1,m
Finya,1,w
Fiodor,1,m
Fiona-Sophie,1,w
Fionn,1,m
Flandra,1,w
Flavia-Clara,1,w
Flavio,1,m
Fleur,1,w
Florens,1,m
Flori,1,m
Florijana,1,w
Florina,1,w
Floyd,1,m
Fran,1,m
Frances,1,w
Francisco,1,m
Franco,1,m
Franke,1,m
Frankie,1,w
Franz-Ferdinand,1,m
Freda,1,w
Frederick,1,w
Frederika,1,w
Frederike,1,w
Freschta,1,w
Freyja,1,w
Fridolin,1,m
Friede,1,w
Gabor,1,m
Gabriell,1,m
Gabriella,1,w
Gaell,1,w
Gaetano,1,m
Gaia,1,w
Galin,1,m
Galina,1,w
Gamila,1,w
Garafin,1,w
Garbriel,1,m
Gaspar,1,m
Gaspard,1,m
Genevie,1,w
Gennaro,1,m
Gentian,1,m
Gentiana,1,w
Georges,1,m
Georgi,1,m
Georgia-Maria,1,w
Gergana,1,w
Ghael,1,m
Ghafoor,1,m
Ghania,1,w
Ghazal,1,w
Gia-Emilia,1,w
Giacomo,1,m
Gianluca,1,m
Gilad,1,m
Gillian,1,w
Gina,1,w
Gino,1,m
Gioia,1,w
Gisella,1,w
Giuliano,1,m
Giulio,1,m
Giuseppe,1,m
Gladys,1,w
Gleb,1,m
Glen,1,m
Glenn,1,m
Glorija,1,w
Golo,1,m
Gönül,1,w
Goufrann,1,m
Gowand,1,m
Gözde,1,w
Gracelyn,1,w
Grady,1,m
Graham,1,m
Graziella,1,w
Gresa,1,w
Grigoris,1,m
Grisela,1,w
Guillermo,1,m
Gülcan,1,w
Guljana,1,w
Gülseli,1,w
Günes,1,m
Günes,1,w
Güney,1,m
Gunreet,1,w
Gurishar,1,w
Gursev,1,w
Gustaf,1,m
Guutuu,1,m
Gwendoline,1,w
Gwendolyn,1,w
Haajira,1,w
Hadi,1,m
Hadis,1,m
Hadiya,1,w
Hadja,1,w
Hadleigh,1,w
Hadriel,1,m
Hajer,1,w
Hajrie,1,w
Hajrudin,1,m
Hakan,1,m
Hakim,1,m
Hakki,1,m
Halan,1,m
Halil,1,m
Halime,1,w
Hamed,1,m
Hamidou,1,m
Hamnah,1,w
Hamta,1,w
Hamze,1,m
Hane,1,w
Hanna-Maria,1,w
Hannah-Marleen,1,w
Haowen,1,m
Harald,1,m
Hardi,1,m
Hareem,1,w
Hareja,1,w
Harir,1,w
Harira,1,w
Haris,1,m
Haru,1,w
Haruhito,1,m
Harun,1,m
Hasna,1,w
Hawwa-Samar,1,w
Hayal,1,w
Hayat,1,w
Hayden,1,w
Hayley,1,w
Haylie,1,w
Hazuki,1,w
Heba,1,w
Hector,1,m
Hedwig,1,w
Heinrich,1,m
Helan,1,w
Helena-Sophie,1,w
Helma,1,w
Helmut,1,m
Hemen,1,w
Hendrik,1,m
Henria,1,w
Henrietta,1,w
Henrike,1,w
Hermela,1,w
Herry,1,m
Heuar,1,m
Heval,1,m
Hewlin,1,w
Hilal,1,w
Hilli,1,w
Hind,1,w
Hing,1,m
Hiranur,1,w
Hiron,1,m
Hiyansa,1,w
Hoang,1,m
Hodan,1,w
Honar,1,m
Honoka,1,w
Honya,1,w
Hooria,1,w
Hope,1,w
Hossein,1,m
Hrach,1,m
Huang,1,w
Huda,1,w
Hue,1,w
Hülya,1,w
Humejda,1,w
Husain,1,m
Hüseyin,1,m
Hussin,1,m
Ian,1,m
Ibtisam,1,w
Ibukunoluwa,1,w
Iciar,1,w
Ida-Katharina,1,w
Ida-Maria,1,w
Idalina,1,w
Idil,1,w
Idris,1,m
Idriss,1,m
Ifnaan,1,m
Ifunanya,1,w
Ihuoma,1,w
Iknoor,1,w
Ikra,1,w
Ikram,1,w
Iksha,1,w
Ilai,1,m
Ilan,1,m
Ilargi,1,w
Ilay,1,m
Ilda,1,w
Ilenia,1,w
Ilin,1,w
Ilinca,1,w
Ilona,1,w
Ilvi,1,w
Ilvie,1,w
Ilvy,1,w
Ilyaz,1,m
Ilyes,1,m
Imaan,1,w
Iman,1,m
Imanuel,1,m
Imelda,1,w
Imen,1,w
Imke,1,w
Immaculate,1,w
Immana,1,w
Immanuel,1,m
Imran,1,m
Inaaya,1,w
Inal,1,m
Inayat,1,w
Indira,1,w
Inesh,1,m
Iness,1,w
Inga,1,w
Ingrid,1,w
Inken,1,w
Io,1,w
Ioana,1,w
Ioana-Saray,1,w
Ioanna,1,w
Ioannis,1,m
Iohan,1,m
Iolanda,1,w
Ion,1,m
Iona,1,w
Ippokratis,1,m
Ira,1,w
Irfan,1,m
Irini,1,w
Irmak,1,w
Iron,1,m
Isa,1,m
Isa,1,w
Isabela,1,w
Isabell-Mia,1,w
Isadora,1,w
Isaia,1,m
Isaiah,1,m
Isana,1,w
Isha,1,w
Ishaq,1,m
Ishmael,1,m
Isis,1,w
Ismael,1,m
Israa,1,w
Istvan,1,m
Itisaam,1,w
Itxaso,1,w
Ivanna,1,w
Ivano,1,w
Ivar,1,m
Ive,1,m
Iven,1,m
Ivona,1,w
Iyad,1,m
Iyanda,1,w
Iyas,1,m
Iyed,1,m
Izan,1,m
Izem,1,w
Izma,1,w
Jacqueline,1,w
Jacques,1,m
Jada,1,w
Jade,1,w
Jaden,1,m
Jafet,1,m
Jago,1,m
Jakov,1,m
Jamie-Michel,1,m
Jamila,1,w
Jamine,1,m
Jan-David,1,m
Jan-Eric,1,m
Janaina,1,w
Jane,1,w
Janek,1,m
Janicije,1,m
Janik,1,m
Janina,1,w
Jann,1,m
Jannick,1,m
Jannine,1,w
Janosch,1,m
Jans,1,m
Janset,1,w
Janya,1,w
Jaoar,1,m
Jara,1,w
Jarno,1,m
Jaro,1,m
Jasephine,1,w
Jaskirat,1,m
Jasmine,1,w
Jasnit,1,w
Jattjan,1,m
Jauhara,1,w
Jaycob,1,m
Jayden-Sadik,1,m
Jayson,1,m
Jean-Marie,1,w
Jeannine,1,w
Jebrail,1,m
Jed,1,m
Jedediah,1,m
Jeffrey,1,m
Jelena,1,w
Jeline,1,w
Jelka,1,w
Jelle,1,m
Jemimah,1,w
Jenell,1,w
Jenna,1,w
Jens,1,m
Jeremia,1,m
Jeremiah,1,m
Jerome,1,m
Jerome-Tyler,1,m
Jesco,1,m
Jessika,1,w
Jeton,1,m
Ji,1,w
Jiale,1,m
Jil,1,w
Jina,1,w
Jinxiao,1,m
Joan,1,m
Joanne,1,w
Jobst,1,m
Joe,1,m
Joell,1,m
Johana,1,w
John-Julian,1,m
Johnny,1,m
Johny,1,m
Jolie-Rose,1,w
Joliene,1,w
Jolina,1,w
Joline,1,w
Jona,1,w
Jonne,1,m
Jordi,1,m
Jorge,1,m
Jorina,1,w
Jos,1,m
Josefa,1,w
Josepha,1,w
Josephine-Leonor,1,w
Josua,1,m
Joud,1,w
Joumana,1,w
Jovan,1,m
Jovana,1,w
Joy-Dilana,1,w
Joyce,1,w
Juana,1,w
Juana-Sophie,1,w
Jul,1,m
Julen,1,m
Jules-Frederic,1,m
Julia-Aurelia,1,w
Juliani,1,w
Julianna,1,w
Juliette,1,w
Julija,1,w
Julijana,1,w
Julika,1,w
Julio,1,m
Jumana,1,w
June,1,w
Juno,1,w
Juraj,1,m
Jusef,1,m
Jusra,1,w
Just,1,m
Justin,1,m
Justine,1,w
Jyodhi,1,w
Kademcan,1,m
Kadina,1,w
Kaid,1,m
Kaisa,1,w
Kajetan,1,m
Kalin,1,m
Kaltrina,1,w
Kamal,1,m
Kamilla,1,w
Kamran,1,m
Kamsobechukwu,1,m
Kani,1,w
Kannafa,1,w
Kanoa,1,m
Kaona,1,w
Karan,1,m
Kardelen,1,w
Karima,1,w
Karlo,1,m
Karlos,1,m
Karoline,1,w
Karrar,1,m
Kassandra,1,w
Kassim,1,m
Kassira,1,w
Katalea,1,w
Kate,1,w
Katerina,1,w
Kathreen,1,w
Kathrin,1,w
Katibin,1,w
Katie,1,w
Katre,1,w
Kattaleya,1,w
Kausar,1,w
Kaussar,1,m
Kaya,1,w
Kaylee,1,w
Kayra,1,m
Kayra,1,w
Ke,1,m
Keira-Patricia,1,w
Keitatsu,1,m
Kelly,1,m
Kemal,1,m
Kenji,1,m
Kenneth,1,m
Keshav,1,m
Kexu,1,w
Keylem,1,m
Khac,1,m
Khadija,1,w
Khalil,1,m
Kiady,1,m
Kiana,1,w
Kidus,1,m
Kiljan,1,m
Killian,1,m
Kimiya,1,w
Kinza,1,w
Kiraz,1,w
Kiriakos,1,m
Kirill,1,m
Kito,1,m
Kiwan,1,m
Kiyan,1,m
Kjara,1,w
Klaas,1,m
Klaresa,1,w
Klea,1,w
Kobin,1,m
Kolja,1,m
Konstanze,1,w
Korab,1,m
Korel,1,m
Kosma,1,m
Kosmo,1,m
Kosta,1,m
Kotsche,1,m
Kriemhild,1,w
Kris,1,m
Krish,1,m
Krisna,1,m
Kristian,1,m
Kron,1,m
Ksenija,1,w
Kshitij,1,m
Kuba,1,m
Kübra,1,w
Kuddus,1,m
Kukka,1,w
Kurdistan,1,w
Kürsat,1,m
Kurumi,1,w
Kutay,1,m
Lachlan,1,m
Lada-Maria,1,w
Ladislav,1,m
Lady,1,w
Lahary,1,w
Lajla,1,w
Lale,1,w
Lamia,1,w
Lamis,1,w
Lana-Sophie,1,w
Lane,1,w
Lani,1,w
Lara,1,m
Lara-Elina,1,w
Lara-Marie,1,w
Lara-Selen,1,w
Larah,1,w
Larry,1,m
Laslo,1,m
Laszlo,1,m
Latifa,1,w
Laura-Elise,1,w
Lauren,1,w
Lauresa,1,w
Lautaro,1,m
Lavan,1,m
Lavien,1,w
Lavin,1,w
Lawand,1,m
Lawant,1,m
Lawy,1,m
Layan,1,w
Layth,1,m
Lazarus,1,m
Lea-Sophie,1,w
Lean,1,m
Leandra-Chiara,1,w
Learta,1,w
Lehel,1,m
Leia,1,w
Leif,1,m
Leila,1,w
Lejs,1,m
Lelia,1,w
Lema,1,w
Lemana,1,w
Lena-Marie,1,w
Lena-Sophie,1,w
Lenard,1,m
Lenart,1,m
Leni-Florence,1,w
Leni-Valentina,1,w
Lenka,1,w
Leon-Eli,1,m
Leon-Lucien,1,m
Leon-Romeo,1,m
Leonit,1,m
Leonora-Maria,1,w
Leonore,1,w
Leontina,1,w
Leorant,1,m
Leotrim,1,m
Leslie,1,m
Leul,1,m
Levy,1,m
Lewan,1,w
Lexy,1,w
Leya,1,w
Leyan,1,w
Lia-Marie,1,w
Lia-Sophie,1,w
Liara,1,w
Libby,1,w
Liberty,1,w
Lida,1,w
Lidiana,1,w
Lidra,1,w
Liesel,1,w
Lijan,1,m
Lilan,1,w
Lilani,1,w
Lilian-Margrethe,1,w
Liliane,1,w
Lilijana,1,w
Lilja,1,w
Lilli-Maria,1,w
Lillie,1,w
Lillith,1,w
Lilly-Kristin,1,w
Lily-Rose,1,w
Lina,1,m
Linde,1,w
Linden,1,m
Linea,1,w
Linus-Aurel,1,m
Linyue,1,w
Lio,1,m
Lionella,1,w
Lior,1,w
Lirian,1,m
Lisanne,1,w
Liselotte,1,w
Lison,1,w
Lissa,1,w
Lissi,1,w
Liyons,1,m
Liz,1,w
Lizzy,1,w
Ljubica,1,w
Llum,1,w
Lochlann,1,m
Loena,1,w
Loic,1,m
Lola-Sophie,1,w
Loni,1,w
Lony,1,w
Lora,1,w
Loran,1,m
Lorans,1,m
Lorant,1,m
Loras,1,m
Lore,1,w
Lorella,1,w
Loreta,1,w
Lorina,1,w
Lorisa,1,w
Lou,1,m
Lou,1,w
Lou-Ann,1,w
Louay,1,m
Louka,1,w
Lounis,1,m
Lousia,1,w
Loveleen,1,w
Lowen,1,m
Luca,1,w
Luca-Elias,1,m
Luca-Noel,1,m
Lucio,1,m
Lucjan,1,m
Ludi,1,m
Ludjain,1,w
Ludovica,1,w
Ludovico,1,m
Luena,1,w
Luigi-Gabriel,1,m
Luise-Pauline,1,w
Luitpold,1,m
Luiz-Miguel,1,m
Luiza,1,w
Lük,1,m
Luka,1,w
Lukas,1,w
Lukas-David,1,m
Lukas-Simon,1,m
Lukasz,1,m
Lulia,1,w
Lunik,1,m
Lusi,1,w
Lusy,1,w
Ly,1,w
Lydia,1,w
Lyne,1,w
Lynn,1,w
Lyonel,1,m
Lyonell-Mats,1,m
Lyubomir,1,m
Maayan,1,w
Mabelle,1,w
Mabrouk,1,m
Machiko,1,w
Macy,1,w
Madelaine,1,w
Madelong,1,m
Madelyn,1,w
Madena,1,w
Madhu,1,w
Madina,1,w
Maelian,1,m
Maeve,1,w
Maggie,1,w
Mahammed,1,m
Mahmod,1,m
Mahmoud,1,m
Mahya,1,w
Mai,1,w
Maihan,1,m
Maili,1,w
Maite,1,w
Majoie,1,m
Mak,1,m
Maka,1,w
Malaak,1,w
Malek,1,m
Malia,1,w
Maliah,1,w
Malie,1,w
Maliya,1,w
Maliyah-Charlize,1,w
Mana,1,w
Manar,1,w
Mane,1,m
Manfred,1,m
Manika,1,w
Manisa,1,w
Manolya,1,w
Manon,1,w
Manuela,1,w
Mara-Sophie,1,w
Maram,1,w
Marc-Oliver,1,m
Marcel-Leonid,1,m
Marcela,1,w
Marcell,1,m
Marcella-Nelly,1,w
Marco-Antonio,1,m
Marcos,1,m
Marcus,1,m
Mareike,1,w
Marek,1,m
Margaux,1,w
Margo,1,w
Mari,1,w
Maria-Francesca,1,w
Maria-Stefania,1,w
Maria-Terezia,1,w
Mariah,1,w
Mariame,1,w
Mariami,1,w
Marian,1,m
Mariana,1,w
Maribel,1,w
Maribelle,1,w
Marie-Christine,1,w
Marie-Lise,1,w
Marie-Louise,1,w
Marie-Luisa,1,w
Marie-Luise,1,w
Marie-Matilde,1,w
Marie-Melody,1,w
Marieke,1,w
Mariela,1,w
Marielou,1,w
Marieta,1,w
Marietheres,1,w
Marietou,1,w
Mariia,1,w
Marijan,1,m
Marijana,1,w
Marika,1,w
Marilen,1,w
Marilou,1,w
Marinus,1,m
Mariola,1,w
Marios-Aleksandros,1,m
Marita,1,w
Mariyam,1,w
Marleen,1,w
Marley,1,m
Marlo,1,m
Marten,1,m
Martino,1,m
Marwan,1,m
Marwat,1,m
Marwin,1,m
Marx,1,m
Mary,1,w
Marzia,1,w
Masa,1,w
Masaal,1,w
Massil,1,m
Massimiliano,1,m
Massimo,1,m
Matea,1,w
Matei,1,m
Matey,1,m
Mathäus,1,m
Mathea,1,w
Matheos,1,m
Mati,1,m
Matias,1,m
Matisse,1,m
Mato,1,m
Mattea,1,w
Matthea,1,w
Mattheo,1,m
Matthieu,1,m
Mattia-Manuel,1,m
Mattias,1,m
Mattyn,1,m
Matvey,1,m
Maud,1,w
Maurizius,1,m
Maurus,1,m
Mavie,1,w
Mawuna,1,w
Max-Emanuel,1,m
Max-Josef,1,m
Max-Lukas,1,m
Maximilia,1,w
Maximiliane,1,w
Maxine,1,w
May,1,w
Mayada,1,w
Mayleen,1,w
Maylo,1,m
Maysa,1,w
Mebuki,1,w
Mehmed,1,m
Mehmetcan,1,m
Mehrzad,1,m
Melike,1,w
Melin,1,w
Melina-Nevia,1,w
Melody,1,w
Melquiades,1,m
Melsona,1,w
Memet,1,m
Menkyi,1,w
Mentor,1,m
Meralcan,1,m
Meranges,1,w
Mercedes,1,w
Mercy,1,w
Merenna,1,m
Merida-Lynn,1,w
Merisa,1,w
Merit,1,w
Merita,1,w
Meryam,1,w
Mesrob,1,m
Met,1,m
Mete,1,m
Metehan,1,m
Mevludin,1,m
Meyla,1,w
Meylin,1,w
Meyra,1,w
Mia,1,m
Mia-Alessia,1,w
Mia-Giulia,1,w
Mia-Mabelle,1,w
Mian,1,m
Mica,1,w
Michael-Sebastian,1,m
Michaela,1,w
Michal,1,m
Micheal,1,m
Michel,1,m
Michele,1,m
Midhet,1,m
Mieszko,1,m
Mihael,1,m
Mihaela,1,w
Mikael,1,m
Mikko,1,m
Miko,1,m
Mikolaj,1,m
Milaluisa,1,w
Milan,1,w
Miley,1,w
Milia,1,w
Milica,1,w
Milijana,1,w
Milivoj,1,m
Milli,1,w
Milos,1,m
Miloslav,1,m
Milou,1,w
Milvin,1,m
Mimi,1,w
Minea,1,w
Mingjie,1,w
Mingus,1,m
Mingze,1,m
Minh,1,w
Minhkhang,1,m
Minori,1,m
Minu,1,w
Mio,1,m
Mira-Eylül,1,w
Mirabel,1,w
Miral,1,w
Miran-Efe,1,m
Mirella,1,w
Miren,1,w
Mirija,1,w
Mirja,1,w
Miron,1,m
Miruna,1,w
Mirza,1,m
Mitja,1,m
Miyabi,1,w
Miyu,1,w
Moataz,1,m
Mobin,1,m
Mohamad,1,m
Mohamad-Elias,1,m
Mohanna,1,w
Mominah,1,w
Morad,1,m
Morgan,1,m
Moritz,1,w
Morsal,1,w
Moses,1,m
Moslem,1,m
Mostafa,1,m
Mouna,1,w
Mounahera,1,w
Muaadh,1,m
Muchen,1,w
Muhab,1,m
Muhamad,1,m
Muhemen,1,m
Mumtaaz,1,w
Munira,1,w
Murphy,1,m
Mustafe,1,m
Mustapha,1,m
Mylo,1,m
Myra,1,w
Nada,1,w
Nadeema,1,w
Nader,1,m
Nadhir,1,m
Nadin,1,w
Nafije,1,w
Nafisa,1,w
Nahel,1,m
Nahom,1,m
Naida,1,w
Naila,1,w
Naim,1,m
Naima,1,w
Nairiti,1,w
Nakshatra,1,w
Nalbira,1,w
Nalin,1,w
Nami,1,w
Naoki,1,m
Narcisa,1,w
Narges,1,w
Narvin,1,w
Naser-Malik,1,m
Nashin,1,w
Nashmia,1,w
Nasib,1,m
Nasir,1,m
Nasra,1,w
Nassim,1,m
Nastassia,1,w
Natalija,1,w
Natan,1,m
Nataniel,1,m
Natka,1,w
Nattawat,1,m
Naue,1,m
Naurah,1,w
Navya,1,w
Nawa,1,w
Nawid,1,m
Nayeli,1,w
Nayeli-Malia,1,w
Naz,1,w
Nazlie,1,w
Nebih,1,m
Neele,1,w
Nefes,1,w
Neila,1,w
Nejla,1,w
Nel,1,w
Nele,1,m
Nelio,1,m
Nelissa,1,w
Nelsona,1,w
Nemuunbaatar,1,m
Nena,1,w
Nenad,1,m
Nepheli,1,w
Nerea,1,w
Nermin,1,w
Nermina,1,w
Nevar,1,m
Neve,1,w
Nevena,1,w
Nevio,1,m
Ngozi,1,w
Niccolo,1,m
Nickolas,1,m
Nicol,1,w
Nicolaij,1,m
Nicolo,1,m
Nicolo',1,m
Nidanur,1,w
Nigina,1,w
Nike,1,w
Nikesh,1,m
Nikias,1,m
Nikodem,1,m
Nikodim,1,m
Nikolaj,1,m
Nikolay,1,m
Nikole,1,w
Nikolla,1,m
Nikoloz,1,m
Nilab,1,w
Nilam,1,w
Nilan,1,m
Nilou,1,w
Nimar,1,m
Nimet,1,w
Nimrat,1,w
Nino,1,w
Ninos,1,m
Nisanur,1,w
Nishan,1,m
Niva,1,w
Nnedi,1,w
Nnenna,1,w
Noah-James,1,m
Noe,1,m
Noelia,1,w
Noelie,1,w
Noelle,1,w
Nohonsa,1,w
Nola,1,w
Nolwen,1,w
Nomi,1,w
Noor,1,w
Noorhuda,1,w
Noorullah,1,m
Nordal,1,m
Norela,1,w
Noris,1,m
Noura,1,w
Nourhan,1,w
Nouria,1,w
Novica,1,m
Noyan,1,m
Nozomi,1,w
Nue,1,m
Nur,1,w
Nurallah,1,m
Nuria,1,w
Nurjanna,1,w
Nurseli,1,w
Obinna,1,m
Oday,1,m
Odette,1,w
Odisea,1,m
Oguz,1,m
Oguzhan,1,m
Ojaswini,1,m
Olga,1,w
Olivier,1,m
Olti,1,m
Oluwadarasimi,1,w
Oluwatimileyi,1,m
Omer,1,m
Omera,1,w
Omotola,1,w
Omoyi,1,w
Ömür,1,m
Orell,1,m
Orest,1,m
Orestis,1,m
Orges,1,m
Oriana,1,w
Oriella,1,w
Orly,1,w
Ornela,1,w
Oskar-Henry,1,m
Osman,1,m
Ottilie,1,w
Oumar-Lamine,1,m
Oviyan,1,m
Owen,1,m
Oytun,1,m
Ozan,1,m
Pakin,1,m
Palwascha,1,w
Palwasha,1,w
Pamina,1,w
Pape,1,m
Paraskevoula,1,w
Paria,1,w
Paride,1,m
Parina,1,w
Paris,1,w
Parker,1,m
Parmin,1,w
Parsa,1,m
Parya,1,w
Pashtana,1,w
Patricia-Philine,1,w
Paul-Anton,1,m
Paulin,1,w
Paulo,1,m
Pavel,1,m
Pavle,1,m
Pavlos,1,m
Paya,1,w
Pearl,1,w
Peer,1,m
Penda,1,w
Pepe,1,m
Per,1,m
Periklis-Athanasios,1,m
Pero,1,m
Perschin,1,w
Pervin,1,w
Perwin,1,w
Phakhin,1,m
Phakjira,1,w
Pham,1,m
Pham,1,w
Phelan,1,m
Phelia,1,w
Phileas,1,m
Philian,1,m
Philina,1,w
Philipp-Alexander,1,m
Phynnley,1,m
Pia-Lilli,1,w
Pia-Sophie,1,w
Pierre-Anton,1,m
Pina,1,w
Pinar,1,w
Pius,1,m
Pjotr,1,m
Pol,1,m
Polat,1,m
Polina,1,w
Polli,1,w
Polly,1,w
Pragnya,1,w
Praise,1,m
Precious,1,w
Premtime,1,w
Presian,1,m
Princess,1,w
Princess-Divine,1,w
Princess-Eve,1,w
Priscila,1,w
Priya,1,w
Qendresa,1,w
Qixin,1,m
Quang,1,m
Quint,1,m
Quoc,1,m
Qurin,1,m
Quynh,1,w
Raavl,1,w
Rachel,1,w
Rachith,1,m
Radia,1,w
Raed,1,m
Rafaela,1,w
Rafail,1,m
Raffael-Antonio,1,m
Raffaele,1,m
Raffaella,1,w
Rafia,1,w
Ragnar,1,m
Rahand,1,m
Rahel,1,m
Rahila,1,w
Rahmeh,1,w
Rahna,1,w
Raian,1,m
Raid,1,m
Rajana,1,w
Rala,1,w
Ram,1,m
Rama,1,w
Ramatoulaye,1,w
Ramin,1,m
Ramiz,1,m
Ramona,1,w
Randa,1,w
Rani,1,m
Ranja,1,w
Ranu,1,m
Ranvir,1,m
Rasa,1,w
Rasha,1,w
Rashida,1,w
Rasim,1,m
Raslen,1,m
Raslene,1,m
Rathan,1,m
Rauant,1,m
Raushan,1,w
Ravza,1,w
Rawdah,1,w
Ray-Madita,1,w
Rayan,1,w
Razan,1,w
Raziye,1,w
Reblina,1,w
Reda,1,m
Redona,1,w
Redur,1,m
Reian,1,m
Remo,1,m
Remy,1,w
Renan,1,w
Renata,1,w
Rene,1,m
Resan,1,w
Resul-Emin,1,m
Retage,1,w
Reuben,1,m
Reyhan,1,w
Rezlan,1,w
Riad,1,m
Rian,1,m
Richmond,1,m
Rico,1,m
Rieke,1,w
Rigon,1,m
Riham,1,w
Rijad,1,m
Rijena,1,w
Rilind,1,m
Rim,1,w
Rioana,1,w
Rion,1,m
Riona,1,w
Rishaan,1,m
Rishid,1,m
Rita,1,w
Rivansa,1,w
River,1,m
Riyad,1,m
Roand,1,m
Roberta,1,w
Roberto,1,m
Robin,1,w
Robin-Elias,1,m
Robinson,1,m
Robynne,1,w
Rodrigue,1,m
Rohat,1,m
Rojvan,1,m
Roko,1,m
Roksana,1,w
Romane,1,w
Romano,1,m
Romeo-Oleg,1,m
Romina,1,w
Romuald,1,m
Ron,1,m
Ronak,1,m
Ronaldinho,1,m
Ronela,1,w
Roni,1,m
Ronika,1,w
Ronisia,1,w
Ronit,1,m
Rosalija,1,w
Rosalinda,1,w
Rosario,1,m
Rosita,1,w
Rossen,1,m
Roukaya,1,w
Rouslene,1,m
Roxana,1,w
Roxy,1,w
Röya,1,w
Ruanyu,1,w
Rubina,1,w
Rufus,1,m
Rugeyye,1,w
Rui,1,m
Ruid,1,m
Ruixin,1,w
Rujin,1,w
Rukhsar,1,w
Ruki,1,w
Rümeysa,1,w
Rumi,1,m
Ruweyda,1,w
Ruy,1,m
Ryan,1,m
Saafir,1,m
Saani,1,w
Saatvik,1,m
Sabine,1,w
Sabir,1,m
Sabre,1,w
Sacdiyo,1,w
Sadaf,1,w
Sadai,1,w
Saden,1,w
Sadik,1,m
Sadin,1,w
Safa,1,w
Saffia,1,w
Safiy-Allah,1,m
Safiye,1,w
Safiyye,1,w
Sahba,1,w
Sahna,1,w
Sahra,1,w
Sai,1,m
Saim-Efe,1,m
Saira,1,w
Salah,1,m
Salahuddin,1,m
Salama,1,w
Saliha,1,w
Saliou,1,m
Salma,1,w
Salome,1,w
Salomi,1,w
Salomon,1,m
Sama,1,w
Samanvitha,1,w
Samar,1,w
Samara,1,w
Samed,1,m
Samer,1,m
Sami-Jean,1,m
Samia,1,w
Samija,1,w
Samim,1,m
Samino,1,m
Samuela,1,w
Samyar,1,m
Sana,1,w
Sanat,1,m
Sanaya,1,w
Sandin,1,m
Sandrina,1,w
Sandrine,1,w
Sandy,1,w
Sangami,1,w
Sangar,1,m
Sanja,1,w
Santa,1,w
Santos-Joel,1,m
Saphira,1,w
Sarah-Elisabeth,1,w
Sarah-Marie,1,w
Saranur,1,w
Sarbaz,1,m
Sarhad,1,m
Sasa,1,m
Sasha,1,m
Sasha,1,w
Saskia,1,w
Sasvan,1,m
Satu,1,w
Savas,1,m
Savelij,1,m
Saverio,1,m
Savin,1,w
Savo,1,m
Sayan,1,m
Sayed,1,m
Sayman,1,m
Sayra,1,w
Scarlett,1,w
Schadi,1,m
Schahed,1,m
Schaniar,1,m
Scharon,1,m
Schayda,1,w
Scherin,1,w
Schilan,1,w
Scott,1,m
Sebastiano,1,m
Sedat,1,m
Sedefa,1,w
Sefora,1,w
Seijiro,1,m
Sekina,1,w
Selina-Jana,1,w
Selinay,1,w
Selma,1,m
Selmin,1,w
Selmon,1,m
Sem,1,m
Sema,1,w
Semir,1,m
Sengül,1,w
Senne,1,m
Senol,1,m
Serafina,1,w
Serafina-Michelle,1,w
Serdal,1,m
Serkan,1,m
Sermed,1,m
Setaish,1,w
Setayesch,1,w
Setayesh,1,w
Seyda,1,w
Seyit,1,m
Seyyedeh,1,w
Shad,1,m
Shahariar,1,m
Shahin,1,m
Shahina,1,w
Shahzad,1,m
Shaila,1,w
Shakira,1,w
Shaleen,1,w
Sham,1,w
Shani,1,w
Shano,1,m
Sharia,1,w
Sharon,1,w
Shayan,1,m
Shengyang,1,m
Sherhad,1,m
Shermine,1,w
Shiho,1,w
Shihoko,1,w
Shina,1,w
Shinji,1,m
Shinkay,1,w
Shirley,1,w
Shneor,1,m
Shoham,1,w
Shriyadita,1,w
Shubh,1,m
Shukrije,1,w
Siavash,1,m
Sid,1,m
Siddhartha,1,m
Sidelya,1,w
Siela,1,w
Sihoon,1,m
Silvan,1,m
Silvana,1,w
Silverio,1,m
Silvester,1,m
Silvia,1,w
Simeon,1,m
Simona,1,w
Simran,1,w
Sina-Marie,1,w
Sinesia,1,w
Sino,1,m
Sion,1,m
Sirikit,1,w
Siska,1,w
Sissi,1,w
Sithika,1,m
Sivan,1,m
Sivashankar,1,m
Siyar,1,m
Skadi,1,w
Skylar,1,w
Skyler,1,w
Sladjana,1,w
Slaveyko,1,m
Smail,1,m
Smajl,1,m
Smera,1,w
Smrithiman,1,m
Snjezana,1,w
Soey,1,w
Sohail,1,m
Sol,1,w
Solana,1,w
Solene,1,w
Solenn,1,w
Soley,1,w
Somaya,1,w
Sonell,1,m
Sonelle,1,w
Sonia,1,w
Sonna,1,w
Sookie,1,w
Sophia,1,m
Sophie-Beatrice,1,w
Sophiea,1,w
Sophien,1,w
Sora,1,w
Sorena,1,w
Sorian,1,m
Sorosh,1,m
Sotiris,1,m
Soukaina,1,w
Soumay,1,m
Spiridon,1,m
Sreshta,1,w
Stellan,1,m
Stephanie,1,w
Stephen,1,m
Stergios,1,m
Sterin,1,w
Stiliani,1,m
Stina,1,w
Stine,1,w
Stipe,1,m
Storm,1,m
Stylianos,1,m
Sua,1,w
Suada,1,w
Suara,1,w
Suat,1,m
Sude,1,w
Sudeis,1,m
Sufyan,1,m
Suhayb,1,m
Suhayla,1,w
Suhejb,1,m
Sulal,1,w
Sulayman,1,m
Sulie,1,w
Sumaya,1,w
Sumeja,1,w
Sümeyra,1,w
Sümeyye,1,w
Sunniva,1,w
Sunny,1,m
Suraja,1,w
Suri,1,w
Surosh,1,m
Surya,1,m
Susanna,1,w
Suyen,1,w
Svea,1,w
Svea-Lina,1,w
Sven,1,m
Sverre,1,m
Sviatosar,1,m
Sydney,1,w
Szymon,1,m
Tabassum,1,w
Tabitha,1,w
Taddeo,1,m
Tahaa,1,m
Tai,1,m
Taichi,1,m
Taisei,1,m
Taisija,1,w
Tajana,1,w
Tajra,1,w
Takiyou,1,m
Tali,1,w
Talia-Ayda,1,w
Taliya,1,w
Talya,1,w
Tamanna,1,w
Tamas,1,m
Tamim,1,m
Tammo,1,m
Tanish,1,m
Tanju,1,m
Tano,1,m
Tao,1,m
Tariq,1,m
Tarja,1,w
Tasan,1,m
Tate,1,m
Tatjana,1,w
Tatsuki,1,m
Taufiq,1,m
Tawab,1,m
Tawfiq,1,m
Tayfun,1,m
Tayma,1,w
Tayo,1,m
Tegan,1,w
Temina,1,w
Teng,1,m
Tengo,1,m
Teo,1,m
Tess,1,w
Teyun,1,m
Thadeus,1,m
Thai,1,m
Thais,1,w
Thamer,1,m
Thanh,1,w
Thao,1,w
Thea-Sophie,1,w
Thekla,1,w
Theodore,1,m
Theodoros,1,m
Theophil,1,m
Theresia,1,w
Theresinia,1,w
Thiago,1,m
Thibaud,1,m
Thidawadee,1,w
Thiemo,1,m
Thien,1,m
Thien,1,w
Thilo,1,m
Thivakar,1,m
Thiviha,1,w
Thore,1,m
Thuy,1,w
Tiana,1,w
Tiara,1,w
Tibor,1,m
Tiffany,1,w
Tihana,1,w
Tillie,1,w
Tilman,1,m
Timm,1,m
Timna,1,w
Timothee,1,m
Timotheus,1,m
Timothy,1,m
Timur,1,m
Tina,1,w
Ting,1,w
Tino,1,m
Tiya,1,w
Tjark,1,m
Tolga,1,m
Tomke,1,m
Tommaso,1,m
Tommy,1,m
Tomoka,1,w
Tomoya,1,m
Tony,1,m
Toprak,1,m
Tori,1,w
Tosh,1,m
Tossoumanabe,1,m
Trajanus,1,m
Tram,1,w
Traore,1,w
Trenton,1,m
Triumf,1,m
Tsomo,1,w
Tuasakidila,1,m
Tugberk,1,m
Tugra,1,m
Tunahan,1,m
Tung,1,m
Turgay,1,m
Tuuli,1,w
Tuyet,1,w
Tyrese,1,m
Tyrique,1,m
Uchena,1,m
Uma,1,w
Umejr,1,m
Undine,1,w
Unique,1,m
Uras,1,m
Urtesa,1,w
Usman,1,m
Usswa,1,w
Uwaila,1,w
Uwais,1,m
Vaea,1,w
Valendina,1,w
Valentina-Anastasia,1,w
Valentine,1,w
Valerya,1,w
Valind,1,m
Valnesa,1,w
Vanja,1,w
Vasil,1,m
Vasiliki,1,w
Vasilka,1,w
Vedanshi,1,w
Vega,1,w
Veith,1,m
Velia,1,w
Velin,1,m
Venanzia,1,w
Venezia,1,w
Veniamin,1,m
Veronica,1,w
Victorine,1,w
Victory,1,w
Vid,1,m
Vida,1,w
Viggo,1,m
Vihar,1,m
Vilius,1,m
Vin,1,m
Vina,1,w
Vincenz,1,m
Vinh,1,m
Vinja,1,w
Vinwar,1,m
Violetta,1,w
Vito,1,m
Vittoria,1,w
Vittorio,1,m
Viviane,1,w
Vjosa,1,w
Vlad,1,m
Volkan,1,m
Vsevolod,1,m
Vu,1,w
Vuk,1,m
Wahid,1,m
Wajdan,1,m
Wanda,1,w
Wanja,1,m
Warvan,1,m
Warya,1,m
Wasim,1,m
Wasima,1,w
Wassim,1,m
Weniamin,1,m
Wenzel,1,m
Wesal,1,m
Wiatscheslaw,1,m
Wiebke-Sophie,1,w
Wiktoria,1,w
Wilhelm,1,m
Willow,1,w
Winkar,1,m
Wojciech,1,m
Wyatt,1,m
Wynona,1,w
Xaver-Maximilian,1,m
Xavier,1,m
Xavier,1,w
Xhemile,1,w
Xheneta,1,w
Xherdan,1,m
Xhesina,1,w
Yaara,1,w
Yagmur,1,w
Yahaya,1,m
Yahia,1,m
Yahye,1,m
Yakov,1,m
Yakup,1,m
Yalda,1,w
Yaldah,1,w
Yana,1,w
Yanan,1,w
Yango,1,m
Yani,1,m
Yani,1,w
Yanick,1,m
Yanka,1,w
Yaren,1,w
Yaron,1,m
Yaroslava,1,w
Yaseen,1,m
Yasir,1,m
Yasmina,1,w
Yassin,1,m
Yassir,1,m
Yavuz,1,m
Yaz,1,w
Yazmin,1,w
Yechen,1,m
Yeral,1,m
Yestyn,1,m
Yi,1,m
Yicheng,1,w
Yilin,1,w
Yinmiao,1,w
Yirui,1,m
Yisen,1,m
Yize,1,m
Ylenia,1,w
Yllka,1,w
Ylva,1,w
Ylvi,1,w
Yoan,1,m
Yoanna,1,w
Yohanna,1,w
Yohannes,1,m
Yoko,1,w
Yonael,1,m
Yonathan,1,m
Yosef,1,m
Yoshinari,1,m
Yosmel,1,m
Yossi,1,m
Younus,1,m
Yu,1,m
Yu-Jin,1,w
Yuanchang,1,m
Yuecheng,1,m
Yujia,1,w
Yuki,1,m
Yukiko,1,w
Yuliya,1,w
Yuma,1,m
Yuma,1,w
Yume,1,w
Yunfei,1,m
Yung-Jia,1,w
Yunis,1,m
Yunya,1,w
Yusa,1,m
Yusef,1,m
Yuseyra,1,w
Yusf,1,m
Yusra,1,w
Yussuf,1,m
Yutaka,1,w
Yuzuka,1,w
Yvaine,1,w
Yves,1,m
Yvonne,1,w
Zabrin,1,w
Zacharias,1,m
Zahid,1,m
Zainab,1,w
Zaiton,1,w
Zakira,1,w
Zaman,1,m
Zarah,1,w
Zayan,1,m
Zayd,1,m
Zdenka,1,w
Zeinab,1,w
Zeki-Efe,1,m
Zeno,1,m
Zerda,1,w
Zeren,1,w
Zerin,1,m
Zerin,1,w
Zeryam,1,w
Zeynab,1,w
Zhivko,1,m
Ziad,1,m
Zilan,1,w
Zinar,1,m
Ziva,1,w
Ziyan,1,w
Zobia,1,w
Zoe-Jolie,1,w
Zoe-Philine,1,w
Zohaib,1,m
Zohra,1,w
Zoja,1,w
Zora,1,w
Zoran,1,m
Zorica,1,w
Zoubair,1,m
Züleyha,1,w
